[
{
  "model": "admin.logentry",
  "pk": 1,
  "fields": {
    "action_time": "2023-10-21T19:46:09.687Z",
    "user": 2,
    "content_type": 13,
    "object_id": "1",
    "object_repr": "2023-10-21 19:46:09.677064+00:00",
    "action_flag": 1,
    "change_message": "[{\"added\": {}}, {\"added\": {\"name\": \"ticket\", \"object\": \"Route #1 (row: 8, seat: 8)\"}}]"
  }
},
{
  "model": "admin.logentry",
  "pk": 2,
  "fields": {
    "action_time": "2023-10-21T19:46:36.327Z",
    "user": 2,
    "content_type": 9,
    "object_id": "2",
    "object_repr": "Airplane2",
    "action_flag": 2,
    "change_message": "[]"
  }
},
{
  "model": "admin.logentry",
  "pk": 3,
  "fields": {
    "action_time": "2023-10-21T19:46:59.839Z",
    "user": 2,
    "content_type": 13,
    "object_id": "1",
    "object_repr": "2023-10-21 19:46:09.677064+00:00",
    "action_flag": 2,
    "change_message": "[]"
  }
},
{
  "model": "admin.logentry",
  "pk": 4,
  "fields": {
    "action_time": "2023-10-26T13:11:29.070Z",
    "user": 2,
    "content_type": 9,
    "object_id": "1",
    "object_repr": "Airplane1?",
    "action_flag": 2,
    "change_message": "[{\"changed\": {\"fields\": [\"Image\"]}}]"
  }
},
{
  "model": "admin.logentry",
  "pk": 5,
  "fields": {
    "action_time": "2023-10-26T13:11:44.899Z",
    "user": 2,
    "content_type": 9,
    "object_id": "3",
    "object_repr": "Airplane3",
    "action_flag": 2,
    "change_message": "[{\"changed\": {\"fields\": [\"Image\"]}}]"
  }
},
{
  "model": "auth.permission",
  "pk": 1,
  "fields": {
    "name": "Can add log entry",
    "content_type": 1,
    "codename": "add_logentry"
  }
},
{
  "model": "auth.permission",
  "pk": 2,
  "fields": {
    "name": "Can change log entry",
    "content_type": 1,
    "codename": "change_logentry"
  }
},
{
  "model": "auth.permission",
  "pk": 3,
  "fields": {
    "name": "Can delete log entry",
    "content_type": 1,
    "codename": "delete_logentry"
  }
},
{
  "model": "auth.permission",
  "pk": 4,
  "fields": {
    "name": "Can view log entry",
    "content_type": 1,
    "codename": "view_logentry"
  }
},
{
  "model": "auth.permission",
  "pk": 5,
  "fields": {
    "name": "Can add permission",
    "content_type": 2,
    "codename": "add_permission"
  }
},
{
  "model": "auth.permission",
  "pk": 6,
  "fields": {
    "name": "Can change permission",
    "content_type": 2,
    "codename": "change_permission"
  }
},
{
  "model": "auth.permission",
  "pk": 7,
  "fields": {
    "name": "Can delete permission",
    "content_type": 2,
    "codename": "delete_permission"
  }
},
{
  "model": "auth.permission",
  "pk": 8,
  "fields": {
    "name": "Can view permission",
    "content_type": 2,
    "codename": "view_permission"
  }
},
{
  "model": "auth.permission",
  "pk": 9,
  "fields": {
    "name": "Can add group",
    "content_type": 3,
    "codename": "add_group"
  }
},
{
  "model": "auth.permission",
  "pk": 10,
  "fields": {
    "name": "Can change group",
    "content_type": 3,
    "codename": "change_group"
  }
},
{
  "model": "auth.permission",
  "pk": 11,
  "fields": {
    "name": "Can delete group",
    "content_type": 3,
    "codename": "delete_group"
  }
},
{
  "model": "auth.permission",
  "pk": 12,
  "fields": {
    "name": "Can view group",
    "content_type": 3,
    "codename": "view_group"
  }
},
{
  "model": "auth.permission",
  "pk": 13,
  "fields": {
    "name": "Can add content type",
    "content_type": 4,
    "codename": "add_contenttype"
  }
},
{
  "model": "auth.permission",
  "pk": 14,
  "fields": {
    "name": "Can change content type",
    "content_type": 4,
    "codename": "change_contenttype"
  }
},
{
  "model": "auth.permission",
  "pk": 15,
  "fields": {
    "name": "Can delete content type",
    "content_type": 4,
    "codename": "delete_contenttype"
  }
},
{
  "model": "auth.permission",
  "pk": 16,
  "fields": {
    "name": "Can view content type",
    "content_type": 4,
    "codename": "view_contenttype"
  }
},
{
  "model": "auth.permission",
  "pk": 17,
  "fields": {
    "name": "Can add session",
    "content_type": 5,
    "codename": "add_session"
  }
},
{
  "model": "auth.permission",
  "pk": 18,
  "fields": {
    "name": "Can change session",
    "content_type": 5,
    "codename": "change_session"
  }
},
{
  "model": "auth.permission",
  "pk": 19,
  "fields": {
    "name": "Can delete session",
    "content_type": 5,
    "codename": "delete_session"
  }
},
{
  "model": "auth.permission",
  "pk": 20,
  "fields": {
    "name": "Can view session",
    "content_type": 5,
    "codename": "view_session"
  }
},
{
  "model": "auth.permission",
  "pk": 21,
  "fields": {
    "name": "Can add airport",
    "content_type": 6,
    "codename": "add_airport"
  }
},
{
  "model": "auth.permission",
  "pk": 22,
  "fields": {
    "name": "Can change airport",
    "content_type": 6,
    "codename": "change_airport"
  }
},
{
  "model": "auth.permission",
  "pk": 23,
  "fields": {
    "name": "Can delete airport",
    "content_type": 6,
    "codename": "delete_airport"
  }
},
{
  "model": "auth.permission",
  "pk": 24,
  "fields": {
    "name": "Can view airport",
    "content_type": 6,
    "codename": "view_airport"
  }
},
{
  "model": "auth.permission",
  "pk": 25,
  "fields": {
    "name": "Can add route",
    "content_type": 7,
    "codename": "add_route"
  }
},
{
  "model": "auth.permission",
  "pk": 26,
  "fields": {
    "name": "Can change route",
    "content_type": 7,
    "codename": "change_route"
  }
},
{
  "model": "auth.permission",
  "pk": 27,
  "fields": {
    "name": "Can delete route",
    "content_type": 7,
    "codename": "delete_route"
  }
},
{
  "model": "auth.permission",
  "pk": 28,
  "fields": {
    "name": "Can view route",
    "content_type": 7,
    "codename": "view_route"
  }
},
{
  "model": "auth.permission",
  "pk": 29,
  "fields": {
    "name": "Can add airplane type",
    "content_type": 8,
    "codename": "add_airplanetype"
  }
},
{
  "model": "auth.permission",
  "pk": 30,
  "fields": {
    "name": "Can change airplane type",
    "content_type": 8,
    "codename": "change_airplanetype"
  }
},
{
  "model": "auth.permission",
  "pk": 31,
  "fields": {
    "name": "Can delete airplane type",
    "content_type": 8,
    "codename": "delete_airplanetype"
  }
},
{
  "model": "auth.permission",
  "pk": 32,
  "fields": {
    "name": "Can view airplane type",
    "content_type": 8,
    "codename": "view_airplanetype"
  }
},
{
  "model": "auth.permission",
  "pk": 33,
  "fields": {
    "name": "Can add airplane",
    "content_type": 9,
    "codename": "add_airplane"
  }
},
{
  "model": "auth.permission",
  "pk": 34,
  "fields": {
    "name": "Can change airplane",
    "content_type": 9,
    "codename": "change_airplane"
  }
},
{
  "model": "auth.permission",
  "pk": 35,
  "fields": {
    "name": "Can delete airplane",
    "content_type": 9,
    "codename": "delete_airplane"
  }
},
{
  "model": "auth.permission",
  "pk": 36,
  "fields": {
    "name": "Can view airplane",
    "content_type": 9,
    "codename": "view_airplane"
  }
},
{
  "model": "auth.permission",
  "pk": 37,
  "fields": {
    "name": "Can add crew",
    "content_type": 10,
    "codename": "add_crew"
  }
},
{
  "model": "auth.permission",
  "pk": 38,
  "fields": {
    "name": "Can change crew",
    "content_type": 10,
    "codename": "change_crew"
  }
},
{
  "model": "auth.permission",
  "pk": 39,
  "fields": {
    "name": "Can delete crew",
    "content_type": 10,
    "codename": "delete_crew"
  }
},
{
  "model": "auth.permission",
  "pk": 40,
  "fields": {
    "name": "Can view crew",
    "content_type": 10,
    "codename": "view_crew"
  }
},
{
  "model": "auth.permission",
  "pk": 41,
  "fields": {
    "name": "Can add flight",
    "content_type": 11,
    "codename": "add_flight"
  }
},
{
  "model": "auth.permission",
  "pk": 42,
  "fields": {
    "name": "Can change flight",
    "content_type": 11,
    "codename": "change_flight"
  }
},
{
  "model": "auth.permission",
  "pk": 43,
  "fields": {
    "name": "Can delete flight",
    "content_type": 11,
    "codename": "delete_flight"
  }
},
{
  "model": "auth.permission",
  "pk": 44,
  "fields": {
    "name": "Can view flight",
    "content_type": 11,
    "codename": "view_flight"
  }
},
{
  "model": "auth.permission",
  "pk": 45,
  "fields": {
    "name": "Can add user",
    "content_type": 12,
    "codename": "add_user"
  }
},
{
  "model": "auth.permission",
  "pk": 46,
  "fields": {
    "name": "Can change user",
    "content_type": 12,
    "codename": "change_user"
  }
},
{
  "model": "auth.permission",
  "pk": 47,
  "fields": {
    "name": "Can delete user",
    "content_type": 12,
    "codename": "delete_user"
  }
},
{
  "model": "auth.permission",
  "pk": 48,
  "fields": {
    "name": "Can view user",
    "content_type": 12,
    "codename": "view_user"
  }
},
{
  "model": "auth.permission",
  "pk": 49,
  "fields": {
    "name": "Can add order",
    "content_type": 13,
    "codename": "add_order"
  }
},
{
  "model": "auth.permission",
  "pk": 50,
  "fields": {
    "name": "Can change order",
    "content_type": 13,
    "codename": "change_order"
  }
},
{
  "model": "auth.permission",
  "pk": 51,
  "fields": {
    "name": "Can delete order",
    "content_type": 13,
    "codename": "delete_order"
  }
},
{
  "model": "auth.permission",
  "pk": 52,
  "fields": {
    "name": "Can view order",
    "content_type": 13,
    "codename": "view_order"
  }
},
{
  "model": "auth.permission",
  "pk": 53,
  "fields": {
    "name": "Can add ticket",
    "content_type": 14,
    "codename": "add_ticket"
  }
},
{
  "model": "auth.permission",
  "pk": 54,
  "fields": {
    "name": "Can change ticket",
    "content_type": 14,
    "codename": "change_ticket"
  }
},
{
  "model": "auth.permission",
  "pk": 55,
  "fields": {
    "name": "Can delete ticket",
    "content_type": 14,
    "codename": "delete_ticket"
  }
},
{
  "model": "auth.permission",
  "pk": 56,
  "fields": {
    "name": "Can view ticket",
    "content_type": 14,
    "codename": "view_ticket"
  }
},
{
  "model": "contenttypes.contenttype",
  "pk": 1,
  "fields": {
    "app_label": "admin",
    "model": "logentry"
  }
},
{
  "model": "contenttypes.contenttype",
  "pk": 2,
  "fields": {
    "app_label": "auth",
    "model": "permission"
  }
},
{
  "model": "contenttypes.contenttype",
  "pk": 3,
  "fields": {
    "app_label": "auth",
    "model": "group"
  }
},
{
  "model": "contenttypes.contenttype",
  "pk": 4,
  "fields": {
    "app_label": "contenttypes",
    "model": "contenttype"
  }
},
{
  "model": "contenttypes.contenttype",
  "pk": 5,
  "fields": {
    "app_label": "sessions",
    "model": "session"
  }
},
{
  "model": "contenttypes.contenttype",
  "pk": 6,
  "fields": {
    "app_label": "locations",
    "model": "airport"
  }
},
{
  "model": "contenttypes.contenttype",
  "pk": 7,
  "fields": {
    "app_label": "locations",
    "model": "route"
  }
},
{
  "model": "contenttypes.contenttype",
  "pk": 8,
  "fields": {
    "app_label": "airplanes",
    "model": "airplanetype"
  }
},
{
  "model": "contenttypes.contenttype",
  "pk": 9,
  "fields": {
    "app_label": "airplanes",
    "model": "airplane"
  }
},
{
  "model": "contenttypes.contenttype",
  "pk": 10,
  "fields": {
    "app_label": "flight",
    "model": "crew"
  }
},
{
  "model": "contenttypes.contenttype",
  "pk": 11,
  "fields": {
    "app_label": "flight",
    "model": "flight"
  }
},
{
  "model": "contenttypes.contenttype",
  "pk": 12,
  "fields": {
    "app_label": "user",
    "model": "user"
  }
},
{
  "model": "contenttypes.contenttype",
  "pk": 13,
  "fields": {
    "app_label": "orders",
    "model": "order"
  }
},
{
  "model": "contenttypes.contenttype",
  "pk": 14,
  "fields": {
    "app_label": "orders",
    "model": "ticket"
  }
},
{
  "model": "sessions.session",
  "pk": "j92mwn2ykdo9u24tcpo883lzyaiv59ru",
  "fields": {
    "session_data": ".eJxVjMsOwiAQAP-FsyGAW3bx6N1vIDwWqRqalPZk_HdD0oNeZybzFj7sW_V759XPWVyEEadfFkN6chsiP0K7LzItbVvnKEciD9vlbcn8uh7t36CGXscWkJQGpamYAo65FJqMzS6xwWCBi9U5ABOZs82IxWByRBripAgQxecLy4U3Dg:1r3yKy:xxGV_764aeCjyPZILHOPZIS_WFxQay56OzZWis4ox0c",
    "expire_date": "2023-12-01T12:52:44.769Z"
  }
},
{
  "model": "sessions.session",
  "pk": "z5of0ctxy0cqvqhqng9fvyktde7j3guf",
  "fields": {
    "session_data": ".eJxVjMsOwiAQAP-FsyGAW3bx6N1vIDwWqRqalPZk_HdD0oNeZybzFj7sW_V759XPWVyEEadfFkN6chsiP0K7LzItbVvnKEciD9vlbcn8uh7t36CGXscWkJQGpamYAo65FJqMzS6xwWCBi9U5ABOZs82IxWByRBripAgQxecLy4U3Dg:1quHtY:s555WD5UKIVwqAdoWAfS41vR05GhTdRAE3IQjejr6Wg",
    "expire_date": "2023-11-04T19:44:24.498Z"
  }
},
{
  "model": "locations.airport",
  "pk": 1,
  "fields": {
    "name": "Ukraine",
    "closest_big_city": "Lviv",
    "likes": [
      3,
      2
    ]
  }
},
{
  "model": "locations.airport",
  "pk": 2,
  "fields": {
    "name": "Poland",
    "closest_big_city": "Gdansk_",
    "likes": []
  }
},
{
  "model": "locations.airport",
  "pk": 3,
  "fields": {
    "name": "Germany",
    "closest_big_city": "Berlin_",
    "likes": []
  }
},
{
  "model": "locations.airport",
  "pk": 4,
  "fields": {
    "name": "France",
    "closest_big_city": "Paris",
    "likes": [
      2
    ]
  }
},
{
  "model": "locations.route",
  "pk": 1,
  "fields": {
    "source": 4,
    "destination": 3,
    "distance": 270
  }
},
{
  "model": "locations.route",
  "pk": 3,
  "fields": {
    "source": 4,
    "destination": 2,
    "distance": 900
  }
},
{
  "model": "locations.route",
  "pk": 5,
  "fields": {
    "source": 3,
    "destination": 1,
    "distance": 220
  }
},
{
  "model": "locations.route",
  "pk": 7,
  "fields": {
    "source": 4,
    "destination": 2,
    "distance": 124
  }
},
{
  "model": "locations.route",
  "pk": 10,
  "fields": {
    "source": 3,
    "destination": 4,
    "distance": 12
  }
},
{
  "model": "locations.route",
  "pk": 11,
  "fields": {
    "source": 3,
    "destination": 4,
    "distance": 145
  }
},
{
  "model": "locations.route",
  "pk": 12,
  "fields": {
    "source": 4,
    "destination": 3,
    "distance": 120
  }
},
{
  "model": "locations.route",
  "pk": 13,
  "fields": {
    "source": 4,
    "destination": 2,
    "distance": 1456
  }
},
{
  "model": "locations.route",
  "pk": 14,
  "fields": {
    "source": 2,
    "destination": 1,
    "distance": 92233
  }
},
{
  "model": "locations.route",
  "pk": 15,
  "fields": {
    "source": 1,
    "destination": 2,
    "distance": 76000
  }
},
{
  "model": "airplanes.airplanetype",
  "pk": 1,
  "fields": {
    "name": "first_"
  }
},
{
  "model": "airplanes.airplanetype",
  "pk": 2,
  "fields": {
    "name": "Second"
  }
},
{
  "model": "airplanes.airplanetype",
  "pk": 3,
  "fields": {
    "name": "Third"
  }
},
{
  "model": "airplanes.airplanetype",
  "pk": 4,
  "fields": {
    "name": "Fourth"
  }
},
{
  "model": "airplanes.airplane",
  "pk": 3,
  "fields": {
    "name": "The best airplane",
    "rows": 47,
    "seats_in_row": 47,
    "image": "uploads/planes/the-best-airplane-0c306858-35a2-4f8b-9e1e-e3ec68cfe591.jpeg",
    "airplane_type": 3
  }
},
{
  "model": "airplanes.airplane",
  "pk": 4,
  "fields": {
    "name": "Airplane4",
    "rows": 40,
    "seats_in_row": 40,
    "image": "",
    "airplane_type": 4
  }
},
{
  "model": "airplanes.airplane",
  "pk": 5,
  "fields": {
    "name": "Airplane5",
    "rows": 50,
    "seats_in_row": 50,
    "image": "",
    "airplane_type": 2
  }
},
{
  "model": "flight.crew",
  "pk": 1,
  "fields": {
    "first_name": "Paul_",
    "last_name": "Starodub"
  }
},
{
  "model": "flight.crew",
  "pk": 2,
  "fields": {
    "first_name": "Igor",
    "last_name": "Starodub"
  }
},
{
  "model": "flight.crew",
  "pk": 3,
  "fields": {
    "first_name": "Taras",
    "last_name": "Vovk"
  }
},
{
  "model": "flight.crew",
  "pk": 4,
  "fields": {
    "first_name": "Natalia",
    "last_name": "Shevchenko"
  }
},
{
  "model": "flight.flight",
  "pk": 12,
  "fields": {
    "route": 10,
    "airplane": 4,
    "departure_time": "2023-10-27T17:46:00Z",
    "arrival_time": "2023-10-27T20:46:00Z",
    "crews": [
      4,
      3
    ]
  }
},
{
  "model": "flight.flight",
  "pk": 17,
  "fields": {
    "route": 5,
    "airplane": 3,
    "departure_time": "2023-11-01T08:42:00Z",
    "arrival_time": "2023-11-01T11:42:00Z",
    "crews": [
      2,
      1
    ]
  }
},
{
  "model": "flight.flight",
  "pk": 18,
  "fields": {
    "route": 13,
    "airplane": 5,
    "departure_time": "2023-11-24T15:37:00Z",
    "arrival_time": "2023-11-24T20:37:00Z",
    "crews": [
      4,
      2
    ]
  }
},
{
  "model": "user.user",
  "pk": 2,
  "fields": {
    "password": "pbkdf2_sha256$600000$m08H0iCTNZb7pmSQMm0p8V$G2JuB4j95GSlLMTH1XPUyXwGe4U5vjWqH8aBscjvTKQ=",
    "last_login": "2023-11-17T12:52:44.764Z",
    "is_superuser": true,
    "first_name": "",
    "last_name": "",
    "is_staff": true,
    "is_active": true,
    "date_joined": "2023-10-21T18:08:05.488Z",
    "email": "admin@gmail.com",
    "groups": [],
    "user_permissions": []
  }
},
{
  "model": "user.user",
  "pk": 3,
  "fields": {
    "password": "pbkdf2_sha256$600000$ixOVpmzgh1gHEBlwdHBzqr$w608cezHZ/fqgKPIo2KCPoNSO2OEABK84vA/4wr/PiI=",
    "last_login": null,
    "is_superuser": false,
    "first_name": "",
    "last_name": "",
    "is_staff": false,
    "is_active": true,
    "date_joined": "2023-10-25T18:13:12.752Z",
    "email": "red@gmail.com",
    "groups": [],
    "user_permissions": []
  }
},
{
  "model": "user.user",
  "pk": 4,
  "fields": {
    "password": "pbkdf2_sha256$600000$vGCcZwnBlwtid5SGgBv6kB$jyzHviIkd8GllaHAO3bc5Tcu55fmmLZid3E5XgR5ajg=",
    "last_login": null,
    "is_superuser": false,
    "first_name": "",
    "last_name": "",
    "is_staff": false,
    "is_active": true,
    "date_joined": "2023-10-26T12:17:06.435Z",
    "email": "green@gmail.com",
    "groups": [],
    "user_permissions": []
  }
},
{
  "model": "user.user",
  "pk": 5,
  "fields": {
    "password": "pbkdf2_sha256$600000$qSHMYjUh5PG6XcP1aTUL8T$driUSK91NbsHwCXGyGkUxu0XNJeuYaHvH26KQLhjhZE=",
    "last_login": null,
    "is_superuser": false,
    "first_name": "",
    "last_name": "",
    "is_staff": false,
    "is_active": true,
    "date_joined": "2023-11-19T07:05:59.170Z",
    "email": "white@gmail.com",
    "groups": [],
    "user_permissions": []
  }
},
{
  "model": "orders.order",
  "pk": 1,
  "fields": {
    "created_at": "2023-10-21T19:46:09.677Z",
    "user": 2
  }
},
{
  "model": "orders.order",
  "pk": 5,
  "fields": {
    "created_at": "2023-10-23T20:14:49.108Z",
    "user": 2
  }
},
{
  "model": "orders.order",
  "pk": 6,
  "fields": {
    "created_at": "2023-10-23T20:45:34.840Z",
    "user": 2
  }
},
{
  "model": "orders.order",
  "pk": 7,
  "fields": {
    "created_at": "2023-10-23T21:03:33.090Z",
    "user": 2
  }
},
{
  "model": "orders.order",
  "pk": 8,
  "fields": {
    "created_at": "2023-10-23T21:12:45.402Z",
    "user": 2
  }
},
{
  "model": "orders.order",
  "pk": 9,
  "fields": {
    "created_at": "2023-10-23T21:13:05.771Z",
    "user": 2
  }
},
{
  "model": "orders.order",
  "pk": 10,
  "fields": {
    "created_at": "2023-10-23T21:34:42.774Z",
    "user": 2
  }
},
{
  "model": "orders.order",
  "pk": 11,
  "fields": {
    "created_at": "2023-10-24T05:22:01.540Z",
    "user": 2
  }
},
{
  "model": "orders.order",
  "pk": 12,
  "fields": {
    "created_at": "2023-10-24T05:22:26.216Z",
    "user": 2
  }
},
{
  "model": "orders.order",
  "pk": 16,
  "fields": {
    "created_at": "2023-10-24T07:43:35.523Z",
    "user": 2
  }
},
{
  "model": "orders.order",
  "pk": 17,
  "fields": {
    "created_at": "2023-10-24T09:45:55.254Z",
    "user": 2
  }
},
{
  "model": "orders.order",
  "pk": 18,
  "fields": {
    "created_at": "2023-10-24T12:58:32.278Z",
    "user": 2
  }
},
{
  "model": "orders.order",
  "pk": 19,
  "fields": {
    "created_at": "2023-10-24T12:59:20.306Z",
    "user": 2
  }
},
{
  "model": "orders.order",
  "pk": 20,
  "fields": {
    "created_at": "2023-10-24T13:21:52.053Z",
    "user": 2
  }
},
{
  "model": "orders.order",
  "pk": 21,
  "fields": {
    "created_at": "2023-10-24T13:40:02.878Z",
    "user": 2
  }
},
{
  "model": "orders.order",
  "pk": 22,
  "fields": {
    "created_at": "2023-10-24T14:04:32.469Z",
    "user": 2
  }
},
{
  "model": "orders.order",
  "pk": 23,
  "fields": {
    "created_at": "2023-10-29T18:14:28.818Z",
    "user": 2
  }
},
{
  "model": "orders.order",
  "pk": 24,
  "fields": {
    "created_at": "2023-10-29T18:15:09.441Z",
    "user": 2
  }
},
{
  "model": "orders.order",
  "pk": 25,
  "fields": {
    "created_at": "2023-11-17T13:50:45.047Z",
    "user": 2
  }
},
{
  "model": "orders.order",
  "pk": 26,
  "fields": {
    "created_at": "2023-11-19T06:24:50.914Z",
    "user": 2
  }
},
{
  "model": "orders.ticket",
  "pk": 19,
  "fields": {
    "flight": 12,
    "order": 23,
    "row": 6,
    "seat": 1
  }
},
{
  "model": "orders.ticket",
  "pk": 20,
  "fields": {
    "flight": 12,
    "order": 24,
    "row": 6,
    "seat": 13
  }
},
{
  "model": "orders.ticket",
  "pk": 21,
  "fields": {
    "flight": 18,
    "order": 25,
    "row": 6,
    "seat": 1
  }
},
{
  "model": "orders.ticket",
  "pk": 22,
  "fields": {
    "flight": 18,
    "order": 26,
    "row": 7,
    "seat": 7
  }
}
]
